peptide,HLA,immunogenicity,test,respond,potential
LLSAVLPSV,HLA-A*02:01,Positive,,,
ALIGGPPV,HLA-A*02:01,Positive,,,
LLLELAGVTHV,HLA-A*02:01,Positive,,,
YLCSGSSYF,HLA-A*02:01,Positive,,,
YLCSGSSYFV,HLA-A*02:01,Positive,,,
YLCSGSSYFV,HLA-A*02:01,Positive,,,
YLCSGSSYFV,HLA-A*02:01,Positive,,,
YLCSGSSYFV,HLA-A*02:01,Positive,,,
LIMQLMPFGCL,HLA-A*02:01,Positive,22,3,13.6
FLALSILVL,HLA-A*02:01,Positive,15,8,53.3
VLLQAGSLHA,HLA-A*02:01,Positive,15,5,33.3
LLAALVQDYL,HLA-A*02:01,Positive,15,10,66.7
CMLGTYTQDF,HLA-A*02:01,Positive,15,8,53.3
ELAGIGILTV,HLA-A*02:01,Positive,15,6,40
FLALSILVL,HLA-A*02:01,Positive,3,3,100
VLLQAGSLHA,HLA-A*02:01,Positive,3,3,100
LLAALVQDYL,HLA-A*02:01,Positive,3,3,100
CMLGTYTQDF,HLA-A*02:01,Positive,3,3,100
FLALSILVL,HLA-A*02:01,Positive,3,3,100
VLLQAGSLHA,HLA-A*02:01,Positive,3,3,100
LLAALVQDYL,HLA-A*02:01,Positive,3,3,100
CMLGTYTQDF,HLA-A*02:01,Positive,3,3,100
MGFQKFSPFLALSIL,HLA-A*02:01,Positive,10,7,70
GNLSTCMLGTYTQDF,HLA-A*02:01,Positive,10,7,70
MLICCCCTL,HLA-A*02:10,Positive,,,
YHMYIFPV,HLA-A*02:01,Positive,,,
ILPDAGQTV,HLA-A*02:01,Positive,,,
LLVDAMHNQL,HLA-A*02:01,Positive,,,
MLLENKAVEKA,HLA-A*02:01,Positive,,,
SVQDVSLFV,HLA-A*02:01,Positive,,,
SLLTNWPFV,HLA-A*02:01,Positive,,,
FMQRLLGPQRV,HLA-A*02:01,Positive,,,
FLSNFIILML,HLA-A*02:01,Positive,,,
RLSCMLARLEV,HLA-A*02:01,Positive,,,
LLLASTSGA,HLA-A*02:01,Positive,,,
MMDYPYPTNFL,HLA-A*02:01,Positive,,,
TMIEEYDSGL,HLA-A*02:01,Positive,,,
GLIPFFMVV,HLA-A*02:01,Positive,,,
KLVVVGACGV,HLA-A*02:01,Positive,,,
TMIEEYDSG,HLA-A*02:01,Positive,,,
RLDSTLLLY,HLA-A*02:01,Positive,,,
QTDVGGSGLSRLDISVIFEALATGCTS,HLA-A*02:01,Positive,,,
VLLSWKVLDFSGPVPQGTGQPCSCGHW,HLA-A*02:01,Positive,,,
KYAVAVGSLCALSSSLLGSMFPMPRVI,HLA-A*02:01,Positive-Low,,,
SIEDHCSIAQQRNLAQYFKKVLGDTLL,HLA-A*02:01,Positive,,,
ILDASKQRHNKLWCQQTDSSLQQPVDD,HLA-A*02:01,Positive-Low,,,
QTDVGGSGLSRLDISVIFEALATGCTS,HLA-A*02:01,Positive,,,
VLLSWKVLDFSGPVPQGTGQPCSCGHW,HLA-A*02:01,Positive,,,
SIEDHCSIAQQRNLAQYFKKVLGDTLL,HLA-A*02:01,Positive,,,
KELLKHPFTL,HLA-A*02:01,Positive,1,1,100
FTLMYEERAV,HLA-A*02:01,Positive,1,1,100
FLDEFMEGV,HLA-A*02:01,Positive,,,
FLDEFMEAV,HLA-A*02:01,Positive,,,
FLDEFMEGV,HLA-A*02:01,Positive,,,
FLDEFMEAV,HLA-A*02:01,Positive,,,
FLDEFMEGV,HLA-A*02:01,Positive,,,
FLDEFMEAV,HLA-A*02:01,Positive,,,
FLDEFMEGV,HLA-A*02:01,Positive,,,
FLDEFMEAV,HLA-A*02:01,Positive,,,
FLDEFMEGV,HLA-A*02:01,Positive,,,
FLDEFMEGV,HLA-A*02:01,Positive,,,
FLDEFMEAV,HLA-A*02:01,Positive,,,
FLDEFMEGV,HLA-A*02:01,Positive,,,
FLDEFMEAV,HLA-A*02:01,Positive,,,
FLDEFMEGV,HLA-A*02:01,Positive,,,
FLDEFMEGV,HLA-A*02:01,Positive,,,
FLDEFMEGV,HLA-A*02:01,Positive,,,
FLDEFMEGV,HLA-A*02:01,Positive,,,
FIASNGVKLV,HLA-A*02:01,Positive,,,
FIASNGVKLV,HLA-A*02:01,Positive,,,
FIASNGVKLV,HLA-A*02:01,Positive,,,
FIASNGVKLV,HLA-A*02:01,Positive,,,
FIASNGVKLV,HLA-A*02:01,Positive,,,
FIASNGVKLV,HLA-A*02:01,Positive,,,
FIASNGVKLV,HLA-A*02:01,Positive,,,
MQLMPFGCLL,HLA-A*02:01,Positive,22,5,22.7
YLQLVFGIEV,HLA-A*02:01,Positive,14,9,64.3
KVAELVHFL,HLA-A*02:01,Positive,14,1,7.1
FLWGPRALV,HLA-A*02:01,Positive,26,9,34.6
GVYDGREHTV,HLA-A*02:01,Positive,14,6,42.9
ALSVMGVYV,HLA-A*02:01,Positive,14,9,64.3
GLYDGMEHL,HLA-A*02:01,Positive,14,4,28.6
SLLMWITQC,HLA-A*02:01,Positive,14,5,35.7
MLMAQEALAFL,HLA-A*02:01,Positive,14,6,42.9
FLPEFGISSA,HLA-A*02:01,Positive,14,4,28.6
ELTLGEFLKL,HLA-A*02:01,Positive,12,7,58.3
KIFGSLAFL,HLA-A*02:01,Positive,26,4,15.4
LLLLTVLTV,HLA-A*02:01,Positive,26,3,11.5
RMFPNAPYL,HLA-A*02:01,Positive,12,1,8.3
FIYIFHTL,HLA-A*02:01,Positive,,,
SLCAFNPNPHL,HLA-A*02:01,Positive,,,
IIFLHEDLTV,HLA-A*02:01,Positive,,,
LMFALAKGRRA,HLA-A*02:01,Positive,,,
SLQTPFPWPPM,HLA-A*02:01,Positive,,,
KLVPSGSKL,HLA-A*02:01,Positive,,,
FTQRWRVSHV,HLA-A*02:01,Positive,,,
NIIFLHEDLTV,HLA-A*02:01,Positive,,,
FLLPAPYWAR,HLA-A*02:01,Positive,,,
ELGHPYLWVL,HLA-A*02:01,Positive,,,
FLGPWPAAS,HLA-A*02:01,Positive,4,3,75
FLGPWPAAS,HLA-A*02:01,Positive,2,2,100
FLGPWPAAS,HLA-A*02:01,Positive,2,2,100
KLLSFHSV,HLA-A*02:01,Positive,,,
YLNEAVFNFV,HLA-A*02:01,Positive,,,
YQANVVWKV,HLA-A*02:01,Positive,,,
NILDAIAEI,HLA-A*02:01,Positive,,,
NILDAIAEI,HLA-A*02:01,Positive,,,
AMDLGIHKV,HLA-A*02:01,Positive,,,
AMDLGIHKV,HLA-A*02:01,Positive,,,
VVVGACGVGK,HLA-A*02:01,Positive,3,2,66.7
VVVGACGVGK,HLA-A*02:01,Positive,3,2,66.7
VVVGACGVGK,HLA-A*02:01,Positive,3,3,100
VVVGACGVGK,HLA-A*02:01,Positive,2,1,50
YLSGANLNL,HLA-A*02:01,Positive,5,1,20
YLSGANLNL,HLA-A*02:01,Positive,5,3,60
YLSGANLNL,HLA-A*02:01,Positive,5,3,60
YLSGANLNL,HLA-A*02:01,Positive,4,3,75
YLSGANLNL,HLA-A*02:01,Positive,,,
